{
  "name": "x",
  "type": "COLOR_MATCH",
  "type_max": 2,
  "start_nm": 400,
  "end_nm": 700,
  "resolution": 5,
  "data": [
    0.02214302,
    0.04742986,
    0.08953803,
    0.1446214,
    0.2035729,
    0.2488523,
    0.2918246,
    0.3227087,
    0.3482554,
    0.3418483,
    0.3224637,
    0.2826646,
    0.2485254,
    0.2219781,
    0.1806905,
    0.129192,
    0.08182895,
    0.04600865,
    0.02083981,
    0.007097731,
    0.002461588,
    0.003649178,
    0.01556989,
    0.04315171,
    0.07962917,
    0.1268468,
    0.1818026,
    0.2405015,
    0.3098117,
    0.3804244,
    0.4494206,
    0.5280233,
    0.6133784,
    0.7016774,
    0.796775,
    0.8853376,
    0.9638388,
    1.051011,
    1.109767,
    1.14362,
    1.151033,
    1.134757,
    1.083928,
    1.007344,
    0.9142877,
    0.8135565,
    0.6924717,
    0.575541,
    0.4731224,
    0.3844986,
    0.2997374,
    0.2277792,
    0.1707914,
    0.1263808,
    0.09224597,
    0.0663996,
    0.04710606,
    0.03292138,
    0.02262306,
    0.01575417,
    0.00981622
  ]
}
