{
  "name": "y",
  "type": "COLOR_MATCH",
  "type_max": 2,
  "start_nm": 400,
  "end_nm": 700,
  "resolution": 5,
  "data": [
    0.002452194,
    0.004971717,
    0.00907986,
    0.01429377,
    0.02027369,
    0.02612106,
    0.03319038,
    0.0415794,
    0.05033657,
    0.05743393,
    0.06472352,
    0.07238339,
    0.08514816,
    0.1060145,
    0.1298957,
    0.1535066,
    0.1788048,
    0.2064828,
    0.237916,
    0.285068,
    0.3483536,
    0.4277595,
    0.5204972,
    0.6206256,
    0.718089,
    0.7946448,
    0.8575799,
    0.9071347,
    0.9544675,
    0.9814106,
    0.9890228,
    0.9994608,
    0.9967737,
    0.9902549,
    0.9732611,
    0.9424569,
    0.8963613,
    0.8587203,
    0.8115868,
    0.7544785,
    0.6918553,
    0.6270066,
    0.5583746,
    0.489595,
    0.4229897,
    0.3609245,
    0.2980865,
    0.2416902,
    0.1943124,
    0.1547397,
    0.119312,
    0.08979594,
    0.06671045,
    0.04899699,
    0.03559982,
    0.02554223,
    0.01807939,
    0.01261573,
    0.008661284,
    0.006027677,
    0.004776140
  ]
}
