{
  "name": "z",
  "type": "COLOR_MATCH",
  "type_max": 2,
  "start_nm": 400,
  "end_nm": 700,
  "resolution": 5,
  "data": [
    0.109609,
    0.2369246,
    0.4508369,
    0.7378822,
    1.051821,
    1.305008,
    1.552826,
    1.74828,
    1.917479,
    1.918437,
    1.848545,
    1.664439,
    1.522157,
    1.42844,
    1.25061,
    0.9991789,
    0.7552379,
    0.5617313,
    0.4099313,
    0.3105939,
    0.2376753,
    0.1720018,
    0.1176796,
    0.08283548,
    0.05650407,
    0.03751912,
    0.02438164,
    0.01566174,
    0.00984647,
    0.006131421,
    0.003790291,
    0.002327186,
    0.001432128,
    0.0008822531,
    0.0005452416,
    0.0003386739,
    0.0002117772,
    0.0001335031,
    8.494468e-05,
    5.460706e-05,
    3.549661e-05,
    2.334738e-05,
    1.554631e-05,
    1.048387e-05,
    0.0,
    0.0,
    0.0,
    0.0,
    0.0,
    0.0,
    0.0,
    0.0,
    0.0,
    0.0,
    0.0,
    0.0,
    0.0,
    0.0,
    0.0,
    0.0,
    0.0
  ]
}
